gene	num_common_functional	total_coding_variants
A1BG	3	1072
AAR2	2	653
ABCA7	19	5161
ABHD12	1	722
ABHD8	3	859
ACER1	4	517
ACOT8	2	572
ACP4	4	957
ACP7	3	887
ACSS1	5	1226
ACTL9	4	904
ACTN4	2	1108
ACTR5	4	1190
ADA	1	368
ADAMTS1	7	1819
ADAMTS5	10	1801
ADAMTSL5	5	1130
ADARB1	1	1016
ADGRE2	11	1267
ADGRE3	10	1107
ADGRE5	7	747
ADRA1D	3	1182
ADRM1	1	116
AGPAT3	1	543
AHCY	3	734
AIRE	5	1196
AKAP8	8	1420
AKAP8L	1	855
ALDH16A1	9	1702
ANGPT4	4	973
ANGPTL4	6	843
ANGPTL6	4	1043
ANGPTL8	2	347
ANKRD27	5	1922
ANKRD60	4	375
ANO8	4	2201
AP1M1	0	636
AP1M2	1	782
AP2A1	0	888
AP2S1	0	132
APBA3	10	1306
APCDD1L	8	1072
APLP1	3	1265
APMAP	5	771
APOC2	0	176
APOE	3	715
APP	0	1255
ARFGEF2	3	2589
ARHGAP33	4	2240
ARHGAP45	4	1678
ARHGEF18	7	488
ARID3A	2	1092
ARRDC2	5	911
ASF1B	0	358
ASIP	1	268
ATCAY	0	702
ATG4D	2	962
ATP4A	6	1592
ATP5F1D	0	447
ATP5F1E	0	22
ATP5PF	0	168
ATP5PO	2	371
ATP8B3	12	2632
ATRN	6	2117
AURKC	0	505
AXL	2	1548
AZU1	2	591
B3GNT3	0	344
B4GALT5	2	542
B9D2	1	43
BACH1	4	1175
BANF2	2	156
BCAM	12	1411
BCAT2	2	718
BCKDHA	2	735
BCL2L1	0	311
BCL2L12	1	250
BCL3	1	903
BIRC7	7	626
BLVRB	3	434
BMP2	2	661
BMP7	1	740
BPIFA1	0	517
BPIFB1	10	829
BPIFB2	4	906
BPIFB3	11	972
BPIFB4	11	1214
BPIFB6	7	919
BRSK1	2	1111
BSG	3	957
BSPH1	0	176
BST2	0	272
BTBD2	2	1048
C19orf12	4	254
C19orf18	1	378
C19orf33	0	181
C19orf38	2	329
C19orf44	2	861
C19orf81	0	34
C20orf202	1	196
C20orf96	3	716
C21orf58	3	672
C21orf91	3	469
C2CD2	0	272
C2CD4C	4	1047
C3	6	2700
C5AR1	2	659
C5AR2	0	700
CA11	0	526
CABLES2	4	652
CABP5	4	337
CACNA1A	9	4045
CACNG6	2	549
CACNG8	1	624
CADM4	1	633
CALM3	0	133
CALR	1	650
CALR3	1	562
CAMSAP3	7	2529
CAPN12	7	1001
CAPNS1	2	426
CARM1	0	411
CASP14	1	471
CATSPERD	5	455
CBFA2T2	1	914
CBLN4	0	327
CBR1	2	542
CBR3	5	465
CC2D1A	6	1419
CCDC124	1	432
CCDC8	8	1075
CCDC9	7	1242
CCDC97	0	635
CCN5	2	536
CCNE1	2	637
CCT8	4	792
CD22	6	1427
CD320	3	476
CD33	6	221
CD37	0	28
CD70	0	356
CD79A	2	366
CD93	6	1395
CDC25B	0	1120
CDC34	0	488
CDC37	1	600
CDH22	3	771
CDH26	4	806
CDH4	1	103
CEACAM1	5	859
CEACAM19	2	527
CEACAM4	5	511
CEACAM5	13	1223
CEACAM6	3	619
CEACAM8	3	564
CEBPG	1	235
CELF5	0	685
CEP250	13	3046
CEP89	9	1327
CERS1	0	9
CERS4	4	877
CFAP298	2	526
CFAP61	10	2223
CFD	0	275
CHAF1A	9	1618
CHAF1B	5	845
CHD6	12	3196
CHGB	14	1174
CHMP4B	0	258
CHODL	1	455
CHRNA4	1	1047
CIB3	2	377
CILP2	5	2608
CIMAP1D	1	262
CIMIP1	2	288
CKM	4	733
CLASRP	2	1195
CLC	2	251
CLDN17	2	449
CLDN8	5	438
CLEC11A	1	742
CLEC4G	2	608
CLEC4M	3	550
CLIP3	0	387
CLPP	0	498
CLPTM1	0	1052
CNFN	0	245
CNN1	0	290
CNN2	0	252
CNOT3	4	1172
COL20A1	12	2955
COL5A3	17	3543
COL6A1	14	2149
COL6A2	10	1894
COLGALT1	3	1284
COMMD7	0	324
COMP	3	1443
COPE	2	414
COX4I2	2	329
COX6B2	1	199
CPAMD8	10	1826
CPXM1	4	1378
CREB3L3	2	915
CRLF1	1	393
CRNKL1	0	1
CRTC1	2	1123
CRX	3	543
CSE1L	1	1273
CSNK1G2	2	818
CSNK2A1	0	295
CST3	1	352
CST5	2	321
CST7	0	165
CST8	1	302
CST9	3	308
CST9L	3	273
CSTB	1	196
CSTF1	0	505
CTCFL	10	1176
CTNNBL1	0	816
CTSZ	2	618
CXADR	0	384
CYP24A1	5	1141
CYP2F1	2	305
CYP2S1	3	907
CYP4F22	2	965
CYP4F3	8	1033
DAND5	1	354
DAZAP1	1	619
DCAF15	0	442
DDA1	0	84
DDRGK1	2	618
DDX39A	1	611
DDX49	4	510
DEFB115	0	214
DEFB116	2	242
DEFB118	2	237
DEFB123	0	102
DEFB124	3	91
DEFB125	2	292
DEFB126	2	208
DEFB127	2	161
DEFB128	3	195
DEFB129	4	268
DEFB132	4	185
DENND1C	3	711
DHDH	8	676
DHPS	1	795
DHX34	8	2299
DHX35	5	1294
DIRAS1	0	345
DKKL1	8	468
DLGAP4	4	1664
DMAC2	6	499
DMKN	5	845
DMPK	3	962
DMRTC2	1	637
DMWD	1	908
DNAAF9	5	1932
DNAJC5	0	298
DNASE2	1	639
DNTTIP1	0	148
DOCK6	13	2829
DOHH	1	720
DOK5	0	553
DONSON	4	489
DOT1L	7	3062
DPF1	1	509
DPP9	7	1658
DPRX	2	314
DSCAM	2	3223
DSTN	0	207
DTD1	1	321
DUS3L	3	1403
DUXA	0	366
DYNLRB1	0	14
DYRK1B	1	883
DZANK1	8	1333
E2F1	1	267
EBI3	1	514
ECH1	3	679
EEF1A2	0	523
EEF2	0	1602
EFNA2	0	509
EGLN2	2	798
EHD2	2	696
EID2	5	427
EID2B	1	337
EIF2S2	0	237
EIF3G	0	239
EIF3K	1	369
ELANE	1	450
ELAVL1	0	341
ELAVL3	0	469
ELL	5	1234
ELMO2	0	438
ELSPBP1	7	406
EMC10	1	599
EMILIN3	6	1417
EML2	5	1255
EMP3	1	305
EPHX3	1	695
EPOR	5	954
EPS15L1	0	87
EPS8L1	5	1748
ERF	1	1034
ERG	0	673
ERGIC3	0	254
ETFB	2	412
ETHE1	1	302
EVA1C	2	479
EXOSC5	1	464
F2RL3	3	872
FAM187B	8	665
FAM209B	3	265
FAM32A	0	171
FAM3B	2	352
FARSA	5	833
FBL	2	540
FBXL12	2	605
FBXO17	1	643
FBXO27	2	599
FBXO46	1	1204
FBXW9	2	427
FCGRT	3	713
FERMT1	6	1061
FFAR1	1	51
FITM2	1	423
FIZ1	2	1057
FKRP	4	1162
FNDC11	1	630
FOSB	0	604
FOXA3	0	601
FPR1	7	621
FPR2	1	564
FPR3	1	496
FSD1	2	873
FUZ	4	868
FXYD7	0	130
GADD45B	0	280
GALP	2	241
GAMT	1	175
GAPDHS	1	263
GARRE1	4	1767
GART	2	660
GCDH	0	795
GDAP1L1	1	581
GDF15	3	706
GDF5	2	969
GET3	0	296
GGT7	2	1045
GID8	0	294
GINS1	1	362
GMIP	11	1740
GNA11	0	501
GNA15	2	781
GNG7	0	121
GP6	13	1251
GPATCH1	6	1545
GPCPD1	3	790
GPI	1	844
GPR108	8	1060
GPR32	1	668
GPR4	0	599
GPX4	3	558
GRAMD1A	4	1245
GRIK1	1	1634
GRIN3B	29	2701
GRWD1	4	897
GSK3A	0	774
GTF2F1	0	760
GTPBP3	1	323
GTSF1L	2	245
GZF1	2	1167
GZMM	7	564
HACL2	6	1199
HAMP	2	171
HAO1	2	696
HAPLN4	1	851
HAUS5	4	1164
HAUS8	4	749
HCST	0	177
HEMK2	4	408
HIPK4	5	1108
HNF4A	1	790
HNRNPL	0	755
HNRNPM	0	1223
HRC	9	1112
HSD17B14	1	342
HSF2BP	0	482
HSPA12B	2	532
HSPA13	1	679
HSPB6	0	378
HUNK	3	1132
ICAM1	6	839
ICAM3	5	1090
ICAM5	2	1617
IDH3B	0	234
IFI30	1	236
IFNAR1	3	917
IFNGR2	6	550
IFNL1	2	395
IFT52	1	696
IGFL1	2	225
IGFL2	3	207
IGFL3	2	222
IGFL4	2	196
IGFLR1	6	750
IGLON5	0	272
IGSF23	1	319
IGSF5	11	733
IL10RB	2	508
IL11	2	480
IL12RB1	2	338
IL27RA	4	1136
INSL3	3	282
INSR	3	2109
IQCN	19	1963
IRF2BP1	1	1063
IRGC	3	898
ISM1	3	800
ITPA	1	280
ITPKC	1	480
IZUMO1	1	126
IZUMO2	2	452
JAG1	4	1678
JAK3	3	1963
JPH2	2	1281
JUNB	0	31
KANK2	12	1737
KASH5	6	955
KCNA7	3	966
KCNB1	4	1104
KCNE2	1	203
KCNG1	0	820
KCNJ14	2	640
KCNJ6	0	126
KCNK15	1	202
KCNK6	6	656
KDELR1	0	133
KDM4B	2	1966
KEAP1	1	926
KIAA1755	8	2257
KIF16B	12	2107
KIF3B	1	1001
KIR3DL3	0	57
KISS1R	2	930
KLHL26	0	1399
KLK1	4	475
KLK2	3	497
KLK3	5	500
KLK4	6	531
KLK5	2	541
KLK6	3	416
KLK8	0	1
KLK9	0	501
KMT2B	1	2832
KMT5C	0	924
KPTN	0	296
KRI1	7	743
KRTAP11-1	3	270
KRTAP13-1	2	319
KRTAP13-2	5	346
KRTAP13-4	5	299
KRTAP15-1	1	256
KRTAP19-1	1	173
KRTAP19-2	3	105
KRTAP19-4	2	155
KRTAP19-6	1	96
KRTAP19-7	0	121
KRTAP19-8	1	110
KRTAP20-2	0	124
KRTAP20-3	0	71
KRTAP21-2	2	150
KRTAP21-3	1	90
KRTAP22-1	2	71
KRTAP22-2	0	75
KRTAP23-1	1	108
KRTAP24-1	2	500
KRTAP25-1	1	193
KRTAP26-1	5	400
KRTAP27-1	3	384
KRTAP6-1	2	125
KRTAP7-1	2	148
KRTAP8-1	0	118
KRTDAP	0	182
KXD1	2	306
LAMA5	64	8448
LAMP5	1	566
LBP	15	909
LCA5L	8	966
LENG8	3	1471
LGALS13	4	277
LGALS16	2	290
LGALS4	0	517
LGI4	3	1111
LIG1	8	1703
LILRA4	13	978
LILRA5	0	427
LIN7B	0	460
LINGO3	2	1196
LIPE	10	1956
LMNB2	2	957
LONP1	5	1223
LPIN3	9	1009
LRFN1	2	1454
LRFN3	4	1210
LRG1	3	677
LRP3	0	141
LRRC25	2	445
LRRC3	2	545
LRRC8E	9	1578
LRRN4	10	1641
LSM14B	1	633
LSM7	0	193
LTN1	11	2489
LYL1	0	288
LYPD3	3	685
LYPD5	2	446
MAFB	0	572
MAMSTR	2	734
MAP1S	9	2487
MAP2K2	0	755
MAP2K7	0	659
MAP3K10	3	1802
MAP4K1	2	1069
MAPRE1	0	320
MARCHF2	2	483
MARK4	1	1027
MAST1	0	1526
MATK	1	959
MAU2	0	615
MBOAT7	2	1094
MC3R	2	622
MCM3AP	8	3663
MCOLN1	1	685
MED25	2	1438
MED26	1	1173
MED29	0	145
MEGF8	9	5179
MFSD12	1	427
MIA	0	234
MIER2	4	1129
MIS18A	1	452
MISP	10	1604
MKKS	6	969
MKNK2	3	1082
MLLT1	1	864
MMP24	2	908
MMP9	10	1444
MOB3A	2	482
MOCS3	0	12
MORC3	2	1093
MRAP	3	350
MRGBP	0	352
MRI1	7	765
MRPL4	4	645
MRPL54	0	89
MRPS6	0	2
MTCL2	8	2952
MTG2	6	846
MVB12A	5	554
MX2	3	1267
MYBL2	3	1158
MYBPC2	18	2277
MYDGF	1	383
MYL9	0	282
MYLK2	3	1029
MYPOP	0	515
MYT1	5	1610
MZF1	10	1753
NACC1	3	788
NANOS2	1	270
NANOS3	0	354
NANP	0	87
NAPA	0	494
NAPB	2	299
NAPSA	3	806
NAT14	2	517
NCAM2	0	37
NCAN	3	2181
NCCRP1	0	256
NCLN	3	1162
NCOA5	0	392
NCOA6	4	3167
NCR1	1	586
NDRG3	0	557
NDUFA11	0	309
NDUFA7	2	273
NDUFB7	0	327
NDUFS7	1	417
NECAB3	4	745
NECTIN2	3	801
NFATC2	2	1752
NFKBIB	1	566
NINL	13	2719
NKG7	2	326
NKX2-2	2	610
NLRP11	8	1860
NLRP12	7	2280
NLRP13	8	2098
NLRP4	10	1884
NLRP8	17	1939
NLRP9	5	641
NMRK2	1	535
NOP53	8	1068
NOP56	5	1035
NOTCH3	12	4274
NOVA2	0	679
NPEPL1	4	1115
NR1H2	0	945
NR2F6	1	522
NRIP1	10	2004
NRSN2	1	381
NSFL1C	3	597
NTN5	5	1052
NTSR1	9	1023
NUCB1	3	788
NUDT19	3	1124
NUMBL	3	930
NXNL1	5	424
NXT1	0	149
OCEL1	4	611
OCSTAMP	5	1043
ODAD3	6	1202
OGFR	10	1299
OLFM2	2	459
OPA3	0	357
OPRL1	2	645
OR10H2	0	25
OR10H3	6	576
OR10H4	7	576
OR7A10	9	530
OR7A17	5	549
OR7A5	6	484
OR7C2	2	546
OR7E24	3	530
OR7G1	9	544
OR7G2	4	532
OR7G3	8	511
OSBPL2	1	709
OSER1	1	462
OTOR	1	264
OVOL2	2	524
OXT	0	267
PABPC1L	6	1117
PAF1	0	735
PAFAH1B3	0	98
PAK5	4	1184
PARD6B	3	581
PAXBP1	0	51
PBX4	2	646
PCIF1	0	459
PCK1	9	1196
PCNA	0	170
PCNT	46	6463
PCP2	1	94
PCP4	0	83
PCSK2	0	887
PCSK4	6	1006
PDCD2L	1	710
PDE4A	1	236
PDE4C	4	1319
PDE9A	2	1025
PDRG1	0	255
PDXK	1	551
PDYN	2	484
PEAK3	3	1128
PEDS1	2	369
PEG3	15	2738
PEPD	6	1050
PEX11G	2	522
PFDN4	0	174
PFKL	1	1073
PGLS	3	623
PGLYRP1	1	374
PHF20	1	522
PHLDB3	6	1482
PI3	5	219
PIAS4	1	911
PIGU	1	742
PIH1D1	4	516
PIK3R2	6	1415
PIN1	1	286
PIP5K1C	3	1329
PKN1	4	1934
PKNOX1	0	700
PLCB1	3	1620
PLEKHA4	8	1536
PLEKHF1	0	623
PLIN3	4	914
PLIN4	28	2722
PLIN5	7	882
PLVAP	3	863
PNKP	5	1434
PNMA8A	3	783
POFUT1	2	381
POLD1	7	1515
POLR3F	0	219
POLRMT	3	690
PPAN	4	1122
PPFIA3	2	1374
PPP1R12C	5	1153
PPP1R13L	2	1746
PPP1R14A	3	318
PPP1R15A	12	1267
PPP1R16B	2	836
PPP1R37	6	1353
PPP2R1A	1	744
PPP5C	0	607
PPP6R1	5	1260
PRAM1	4	1044
PRDX2	0	354
PRELID3B	0	99
PREX1	11	2567
PRKACA	0	277
PRKCG	0	1071
PRKD2	5	1247
PRND	3	337
PRNP	3	426
PROCR	2	453
PRPF31	0	744
PRPF6	0	1205
PRR12	8	3134
PRRG2	3	415
PRSS57	1	317
PRTN3	3	583
PSMC4	0	489
PSMD8	0	704
PSMG1	2	500
PSPN	1	366
PTGIR	5	840
PTGIS	2	989
PTH2	1	217
PTOV1	0	404
PTPN1	0	392
PTPRS	7	3760
PTTG1IP	2	350
PYGB	4	1739
QPCTL	5	736
QTRT1	1	820
R3HDM4	2	555
R3HDML	4	466
RAB11B	0	341
RAB22A	0	282
RAB3A	0	317
RAB3D	2	348
RAB4B	0	273
RAB8A	0	287
RABAC1	0	388
RALGAPA2	6	3181
RALGAPB	3	2071
RALY	1	472
RASAL3	4	918
RASIP1	3	1818
RBBP8NL	12	1390
RBBP9	0	333
RBM11	7	450
RBM39	0	398
RBM42	1	678
RBPJL	5	1049
RCAN1	0	445
RCN3	5	537
REEP6	2	422
RELB	0	1102
REM1	1	586
RETN	0	239
REX1BD	2	465
REXO1	13	2736
RFX1	6	1764
RFX2	5	1207
RFXANK	2	479
RGL3	4	636
RHPN2	0	124
RIMS4	0	335
RIN2	11	1617
RIPK4	5	1447
RIPOR3	0	1
RIPPLY3	1	400
RNASEH2A	2	597
RNF114	2	375
RNF126	3	463
RPL18A	0	294
RPL28	1	313
RPN2	2	1080
RPRD1B	0	424
RPS11	0	237
RPS16	0	236
RPS5	0	243
RPS9	0	253
RRAS	2	387
RRP1B	3	1129
RSPH1	4	572
RSPH6A	5	1432
RSPO4	3	512
RTN2	1	1031
S100B	0	142
S1PR4	4	914
S1PR5	3	906
SACK1C	6	1467
SACK1E	3	93
SAE1	1	501
SAFB2	3	1749
SALL4	7	1784
SAMD10	2	105
SARS2	2	1051
SAXO5	12	1035
SBNO2	2	2065
SBSN	6	968
SCAF1	4	2373
SCAF4	3	1261
SCAMP4	3	489
SCAND1	0	466
SCN1B	1	237
SCP2D1	2	278
SDC4	1	371
SDHAF1	1	290
SEL1L2	4	930
SELENOV	3	731
SEMG1	7	852
SEMG2	8	1044
SERTAD1	2	436
SERTAD3	0	371
SETD4	3	735
SGTA	1	555
SH2D3A	10	1229
SH3BGR	1	250
SH3GL1	0	185
SHANK1	7	4094
SHD	2	538
SHFL	0	101
SHKBP1	1	791
SHLD1	2	314
SIGLEC1	13	3379
SIGLEC10	1	428
SIGLEC12	17	1235
SIGLEC8	6	912
SIGLEC9	10	835
SIM2	5	1300
SIN3B	3	1768
SIPA1L3	14	3382
SIRPB2	3	599
SIRT2	2	653
SLA2	2	467
SLC12A5	2	1499
SLC13A3	2	1075
SLC17A7	1	881
SLC19A1	3	1354
SLC23A2	0	874
SLC24A3	6	975
SLC25A41	4	499
SLC25A42	1	591
SLC27A1	1	1422
SLC27A5	7	1399
SLC2A10	6	1044
SLC32A1	2	820
SLC35E1	0	35
SLC37A1	5	910
SLC39A3	2	671
SLC44A2	5	1234
SLC5A5	1	1284
SLC6A16	4	1216
SLC7A10	2	939
SLC7A9	4	857
SLC8A2	1	1385
SLC9A8	1	933
SLCO4A1	6	1468
SLPI	0	256
SLX4IP	5	664
SLX9	3	374
SMARCA4	2	2154
SMG9	0	860
SMIM24	3	200
SNAI1	2	468
SNAP25	0	189
SNAPC2	3	887
SNPH	0	280
SNRPA	0	467
SNRPB	1	346
SNRPB2	0	259
SNRPD2	0	53
SNTA1	3	925
SNX5	1	523
SOD1	0	235
SON	0	51
SPAG4	1	861
SPATA2	4	962
SPATC1L	9	830
SPEF1	1	198
SPINT2	3	440
SPINT3	2	142
SPINT4	2	153
SPMAP2	7	841
SPTLC3	2	933
SRMS	6	573
SRRM5	0	24
SRXN1	1	331
SS18L1	1	722
SSBP4	1	882
SSC5D	13	2225
SSTR4	5	963
STAP2	1	226
STK11	1	826
STK35	2	1004
STMN3	0	181
STRN4	1	1311
STXBP2	7	1133
SUGP1	2	1130
SULT2A1	2	473
SULT2B1	4	721
SUMO3	1	134
SUN5	1	569
SYCE2	0	73
SYCN	0	339
SYCP2	11	2406
SYDE1	1	496
SYMPK	2	1538
SYNDIG1	1	466
SYNE4	0	148
SYNGR4	2	380
SYS1	0	263
SYT5	1	595
TARM1	5	486
TASP1	0	554
TBC1D17	3	1491
TBC1D20	1	643
TBCB	0	530
TBXA2R	1	812
TCF3	8	1696
TCP10L	2	364
TDRD12	8	1178
TECR	0	8
TEKTIP1	8	594
TEKTL1	10	1130
TEX101	1	375
TFAP2C	1	741
TFF1	2	179
TFF2	1	256
TGFB1	3	691
TGIF2	0	400
TGM2	3	1292
TGM3	6	1380
TGM6	6	1442
THAP8	6	503
THBD	5	1339
THOP1	1	1314
TICAM1	5	1345
TIMM13	0	225
TIMM44	4	665
TIPE1	0	357
TLDC2	5	442
TLE2	5	1572
TLE6	1	1308
TM6SF2	3	296
TMC2	7	1628
TMED1	0	485
TMEM143	2	673
TMEM145	1	680
TMEM147	0	410
TMEM150B	1	209
TMEM160	1	463
TMEM161A	1	952
TMEM190	1	369
TMEM205	0	157
TMEM38A	1	522
TMEM59L	3	704
TMEM86B	3	534
TMIGD2	6	554
TMPRSS15	12	1885
TMPRSS2	4	1002
TMX4	2	599
TNFSF9	3	580
TNNC2	0	266
TNNI3	0	262
TOMM34	0	389
TOP1	1	742
TOX2	7	944
TP53TG5	3	438
TPX2	2	1098
TRAPPC10	4	1675
TRIB3	7	733
TRIM28	2	1609
TRIP10	1	651
TRIR	0	347
TRMT6	1	835
TRPC4AP	1	1348
TRPM4	9	2494
TSHZ2	0	12
TSHZ3	4	1860
TSKS	4	1177
TSLIG3C	5	739
TSPEAR	7	1468
TTI1	5	1757
TTPAL	1	545
TUBB1	7	860
TUBB4A	0	133
TULP2	6	975
U2AF2	0	479
UBA2	2	682
UBE2M	0	113
UBE2S	2	358
UBOX5	3	907
UBXN6	1	353
UCKL1	0	1197
UMODL1	0	1
UNC13A	5	1889
UPF1	0	1092
UQCRFS1	0	104
URB1	11	3153
USE1	2	503
USF2	0	519
USHBP1	6	1351
USP29	7	1559
VASP	1	695
VMAC	2	195
VN1R1	2	572
VN1R2	4	608
VPS26C	0	477
VRK3	8	862
VSIG10L	5	646
VSTM1	2	465
VSTM2B	3	665
WDR88	3	664
WFDC10B	1	146
WFDC11	1	152
WFDC12	0	212
WFDC13	1	152
WFDC3	5	395
WFDC5	2	235
WFDC8	4	427
WFDC9	2	135
XAB2	1	370
XKR7	2	1020
XRCC1	8	1057
XRN2	2	1355
YJU2	1	555
YJU2B	2	348
YWHAB	0	194
ZBP1	10	842
ZBTB21	5	1801
ZBTB46	2	1089
ZBTB7A	2	1089
ZC3H4	4	2576
ZFP14	3	656
ZFP28	5	1398
ZFP64	3	1156
ZFP82	0	727
ZFR2	10	2197
ZIM2	6	324
ZIM3	2	119
ZNF100	1	70
ZNF121	1	551
ZNF132	2	1221
ZNF134	3	749
ZNF135	1	102
ZNF136	0	817
ZNF14	1	1010
ZNF155	5	869
ZNF17	3	1036
ZNF175	5	1081
ZNF20	3	743
ZNF208	6	919
ZNF211	2	977
ZNF223	6	679
ZNF225	6	1094
ZNF227	2	1293
ZNF229	0	4
ZNF230	8	754
ZNF234	8	1029
ZNF235	7	1150
ZNF254	7	1252
ZNF256	3	970
ZNF260	1	647
ZNF264	3	1112
ZNF284	4	948
ZNF304	5	984
ZNF317	2	1041
ZNF324	2	1223
ZNF324B	2	1000
ZNF333	6	1076
ZNF335	5	2745
ZNF337	5	1294
ZNF343	4	962
ZNF347	4	1425
ZNF350	7	772
ZNF382	5	780
ZNF415	8	876
ZNF416	3	980
ZNF418	2	1159
ZNF426	2	983
ZNF428	1	322
ZNF429	10	1194
ZNF43	5	1255
ZNF430	2	825
ZNF431	3	854
ZNF432	4	1098
ZNF440	9	1020
ZNF441	4	1008
ZNF442	11	965
ZNF444	4	793
ZNF45	7	1029
ZNF460	1	764
ZNF470	5	1301
ZNF471	7	945
ZNF473	14	1299
ZNF486	6	1013
ZNF490	2	799
ZNF491	5	736
ZNF512B	4	1400
ZNF526	2	432
ZNF528	5	1187
ZNF536	7	2378
ZNF540	1	932
ZNF541	0	159
ZNF543	9	1104
ZNF546	7	1286
ZNF547	2	653
ZNF548	5	852
ZNF551	4	1117
ZNF552	0	76
ZNF554	3	964
ZNF555	0	1078
ZNF556	7	907
ZNF557	1	739
ZNF560	4	1324
ZNF561	1	148
ZNF563	3	749
ZNF564	1	878
ZNF565	3	754
ZNF568	3	914
ZNF569	0	946
ZNF57	7	979
ZNF570	1	791
ZNF575	0	514
ZNF576	2	291
ZNF581	0	388
ZNF584	3	719
ZNF585A	0	156
ZNF599	9	978
ZNF607	8	1185
ZNF613	3	923
ZNF614	0	8
ZNF625	0	1
ZNF627	0	719
ZNF649	0	121
ZNF653	3	990
ZNF665	8	1129
ZNF671	3	928
ZNF675	3	910
ZNF681	6	1012
ZNF700	7	1194
ZNF708	9	794
ZNF709	2	828
ZNF729	1	64
ZNF730	5	759
ZNF737	5	900
ZNF749	6	1264
ZNF766	4	632
ZNF77	8	1060
ZNF776	0	800
ZNF784	2	762
ZNF790	5	1022
ZNF791	0	799
ZNF792	5	1051
ZNF8	0	1
ZNF814	0	57
ZNF823	3	853
ZNF829	1	537
ZNF83	9	801
ZNF831	13	3260
ZNF835	6	1175
ZNF836	0	7
ZNF844	13	1099
ZNF845	7	1482
ZNF846	6	998
ZNF85	7	781
ZNF865	0	1328
ZNF878	0	1
ZNF880	7	731
ZNF90	6	1052
ZNF91	12	1745
ZNF93	6	844
ZNF98	0	9
ZNRF4	10	894
ZSCAN1	3	857
ZSCAN22	3	862
ZSCAN4	0	214
ZSCAN5B	8	479
ZSWIM3	2	970
